transition_risk,physical_risk,regulatory_risk,market_risk,technology_risk,reputation_risk,overall,date
0.39251178830888006,0.47720346853660606,0.35890548551270085,0.4184800782039094,0.4233864085894042,0.4503528199424179,0.40833886841051253,2024-08-01 15:37:00.377757
0.38148439008682744,0.4873194774505045,0.29497905857739315,0.4096569352323549,0.38330236109922605,0.4537897425711902,0.3775499324922066,2024-08-02 15:37:00.377757
0.4233535343037816,0.4931967681305349,0.3079407138125842,0.42625528651491934,0.36464024334098527,0.438844124670137,0.40834689005742725,2024-08-03 15:37:00.377757
0.40502501295383075,0.5014435405383089,0.3033218171697339,0.43015920666249297,0.33655319806441547,0.4018613465874612,0.4285191557339862,2024-08-04 15:37:00.377757
0.4148508883410787,0.4971693864767288,0.2927733238806521,0.39217776734344956,0.3382903408693795,0.39857107626381294,0.393332678880695,2024-08-05 15:37:00.377757
0.3845052398455961,0.5206753366776568,0.24275783862939607,0.36891166877737835,0.3522595460734092,0.4172882540332603,0.4649264359890611,2024-08-06 15:37:00.377757
0.40806413151119536,0.49137264182421236,0.28593910762660274,0.33843561344035544,0.33685039096444763,0.4563069780824431,0.37616488297312184,2024-08-07 15:37:00.377757
0.3748126817778307,0.4802762201332058,0.2715591096655161,0.299998922064147,0.2699340982490751,0.42763883999318336,0.4079430888151148,2024-08-08 15:37:00.377757
0.36594898782562374,0.41649575834748725,0.29026469141564865,0.24868882833493722,0.24573371801561844,0.41389825348528436,0.3587271237967309,2024-08-09 15:37:00.377757
0.3766011272609775,0.3917897164656112,0.26413300440304177,0.3094320938352748,0.3029090815554947,0.4188557217959195,0.3560874831816214,2024-08-10 15:37:00.377757
0.4259361703417565,0.4145336519075979,0.27264672268412876,0.31463313104311935,0.30287412188949153,0.39896825326140073,0.34590004211587755,2024-08-11 15:37:00.377757
0.42386640416072746,0.4256871549256545,0.26408181400273106,0.32392542718560224,0.26914610863576105,0.3519050372961797,0.362012530900524,2024-08-12 15:37:00.377757
0.602750062978592,0.345753016353605,0.28220591222944946,0.3529923593457949,0.29389092584808674,0.3420990405780295,0.3562810599538776,2024-08-13 15:37:00.377757
0.5750209514673283,0.4022274551237612,0.272210392719081,0.3314055822522971,0.3036378260509603,0.3011892602467033,0.38033813788647025,2024-08-14 15:37:00.377757
0.587579047782406,0.3993299199373013,0.24572967994830355,0.28725943101462387,0.3144708064617533,0.32755447375952745,0.5103221653131123,2024-08-15 15:37:00.377757
0.5845746041152913,0.39714911861551705,0.24552022697368822,0.30712055624332757,0.3033945174320328,0.3145134089983006,0.32091683409926575,2024-08-16 15:37:00.377757
0.5879918090613984,0.371567494056132,0.24386476896134918,0.26827277047845477,0.28770858767105545,0.3094548133082095,0.2901480179761848,2024-08-17 15:37:00.377757
0.6169331593899634,0.3533582595726247,0.2514087379654836,0.2883267225069557,0.33748781122174853,0.2840180787621974,0.40039088582847265,2024-08-18 15:37:00.377757
0.6003890812589201,0.352565440700455,0.27904355954863047,0.24229569984467036,0.31967458050716185,0.28162565814152357,0.30133638939831353,2024-08-19 15:37:00.377757
0.5945189873586776,0.36499615176092237,0.24607268191636492,0.2047978215814799,0.2797466674051445,0.31840163027262863,0.29584052736150857,2024-08-20 15:37:00.377757
0.566809858174235,0.3689765504733223,0.2723322228382698,0.18782549250625524,0.28233511675733697,0.34747154691450327,0.271793313573919,2024-08-21 15:37:00.377757
0.5277923028028361,0.3470459580031491,0.2356255188830607,0.21070584819834506,0.27914320886331057,0.31030653394671637,0.2718262189914092,2024-08-22 15:37:00.377757
0.49599345906106207,0.3151735186276172,0.2539799195830397,0.26123418497825385,0.30837129256666795,0.22591283033506743,0.3078591258229621,2024-08-23 15:37:00.377757
0.41198465508392584,0.282988840553539,0.2723730871449738,0.2731472746130014,0.29973934236045807,0.2226335180233644,0.2913131310435919,2024-08-24 15:37:00.377757
0.4200143194182259,0.3137410803000414,0.25719954938691564,0.25383522381417145,0.31463277803513845,0.21503723945132006,0.2858442346082583,2024-08-25 15:37:00.377757
0.42435919088163193,0.33883768170924156,0.23407661417950862,0.28095601761403,0.353761945489679,0.20603804614152882,0.3372003375422762,2024-08-26 15:37:00.377757
0.43110006098628434,0.34901495473512933,0.21068147559699169,0.234523452338389,0.3587245714732738,0.19166830627107412,0.28049061306801637,2024-08-27 15:37:00.377757
0.3970166036359314,0.3762221029547268,0.2149182500172949,0.20775091472617582,0.3235110026977454,0.15527168943979103,0.31676791485627886,2024-08-28 15:37:00.377757
0.37224632437751626,0.3661557649554955,0.23724002990538265,0.212250575038132,0.26676394345067617,0.22876544297236207,0.2590856330520945,2024-08-29 15:37:00.377757
0.3477924507369816,0.38575443982426816,0.2336285708298097,0.23690277877113367,0.27692813851491005,0.2858510309485845,0.30033719274782844,2024-08-30 15:37:00.377757
0.3764078414660312,0.39519397338988443,0.16910080269637628,0.231297588695963,0.26406548934924107,0.2720745146869697,0.2857858245060056,2024-08-31 15:37:00.377757
0.375679934485051,0.4142193497361272,0.15726175365634723,0.22285265588919415,0.2694306271104156,0.2748464131525725,0.34700630727815057,2024-09-01 15:37:00.377757
0.3708751877064051,0.37425516324007124,0.1450434029929789,0.21649102307620074,0.26710146669596474,0.3031196628031283,0.22501291482607708,2024-09-02 15:37:00.377757
0.38789661860015173,0.2931005745532795,0.16467206144621263,0.2506298413121849,0.22925335421072085,0.3042402755802716,0.2508040058575344,2024-09-03 15:37:00.377757
0.36275499244680137,0.29880755009821724,0.1848692412207283,0.22782922827947533,0.22441712837112737,0.2872317191046808,0.24357034940480501,2024-09-04 15:37:00.377757
0.368010711656797,0.23788032106067536,0.1925920832772226,0.19957554177620856,0.19442812431115356,0.2462324498354326,0.24917925855264195,2024-09-05 15:37:00.377757
0.42256842938777633,0.22796082210534735,0.22158487845101357,0.19392446418928752,0.18164671650695957,0.24678753379611607,0.24980205801761585,2024-09-06 15:37:00.377757
0.4526593417460639,0.16251234819854754,0.2514700274226115,0.23373996932990893,0.21066042703315824,0.21104818933777839,0.3180190959895603,2024-09-07 15:37:00.377757
0.4529532230728673,0.20454883907241705,0.23712266273133387,0.2148522904945911,0.21351032343182688,0.24897476705853705,0.2355122022543389,2024-09-08 15:37:00.377757
0.4454064929016558,0.23519748642932056,0.2129831698433309,0.2088004047317184,0.23083414063831456,0.24805772188253167,0.23292162165562638,2024-09-09 15:37:00.377757
0.45082339793575077,0.24644871859944467,0.21255786783061367,0.16555914813557493,0.23500867246760285,0.26377751939916644,0.3510994160947203,2024-09-10 15:37:00.377757
0.4842013990207174,0.2212965615539803,0.16388994712229138,0.16316504385410005,0.22619284817938076,0.25325444963291244,0.22364745658374974,2024-09-11 15:37:00.377757
0.5133682146510551,0.16929698104231228,0.17260350871777744,0.17420521905905617,0.23353546594745062,0.2779714403287527,0.20931656533884557,2024-09-12 15:37:00.377757
0.5494182408231509,0.1064180914164629,0.1608093861812888,0.3297327224396235,0.18565721675184077,0.25762332257690573,0.25319785626010066,2024-09-13 15:37:00.377757
0.5417337891765016,0.09700449233821579,0.2575747279776395,0.3582720336389486,0.2098019650244247,0.2659782391022014,0.2783255560187577,2024-09-14 15:37:00.377757
0.4646841386220069,0.12553018289411855,0.29799946858416687,0.359167523163661,0.18672911666661465,0.25427212829964047,0.27107644903081535,2024-09-15 15:37:00.377757
0.5116533055356551,0.12153571254211677,0.27735931086683885,0.3381764235888114,0.20345469598107405,0.24740507977317439,0.32661118212601054,2024-09-16 15:37:00.377757
0.47533219115831493,0.14296321790842745,0.2455569535222745,0.3403016726018326,0.19510273865044536,0.2766159048567573,0.23477293922417794,2024-09-17 15:37:00.377757
0.40480094846388504,0.1648716361676707,0.22533769879407356,0.35005424204959845,0.1608713923813147,0.2526065884131618,0.21393724423525312,2024-09-18 15:37:00.377757
0.4195938846759101,0.18953496061181604,0.255605594575126,0.29264465920675187,0.14479307084386506,0.2632895092812869,0.23631541089018326,2024-09-19 15:37:00.377757
0.34916169905442496,0.1344556315061513,0.28513878128228287,0.2981975444172426,0.16377314573427476,0.3026015778471764,0.21879881605172607,2024-09-20 15:37:00.377757
0.34505734153719847,0.11739219183657552,0.3245992737745122,0.3315869973741943,0.2310311326839634,0.327839459360784,0.3018065102474804,2024-09-21 15:37:00.377757
0.27797011986465264,0.13844491963778627,0.29529770710356346,0.3043554230675811,0.22877043195401084,0.30580028347489957,0.2614711868537341,2024-09-22 15:37:00.377757
0.26696267973532073,0.1889239858792764,0.3072937900691456,0.2866987965096668,0.2880992781989993,0.3179439185836879,0.28170005830371786,2024-09-23 15:37:00.377757
0.3154158904226907,0.22646794715167498,0.28127594184390203,0.27444826183081555,0.2374279932821875,0.2637190457746512,0.2680546784358393,2024-09-24 15:37:00.377757
0.32296453264463,0.23654185795000038,0.3279977647249861,0.2963499153389139,0.16285944650197665,0.2932312897168975,0.26493805199292847,2024-09-25 15:37:00.377757
0.3198568121737319,0.27524431038813957,0.299435596133899,0.26241735471103783,0.15867136604461177,0.3702061777988586,0.30061214276400366,2024-09-26 15:37:00.377757
0.3305428819403475,0.2826439349590277,0.26038528233153824,0.274630918830073,0.1600519750411886,0.373252070330546,0.2650015309244387,2024-09-27 15:37:00.377757
0.24538398889524685,0.23446637073930843,0.22793941801044088,0.2635146938820298,0.1798531071266314,0.4087823908324094,0.2756356280083643,2024-09-28 15:37:00.377757
0.2267182528795702,0.2551046072450972,0.22874710285040734,0.31308474937535025,0.1638795071818834,0.3604869811665309,0.26555270768065004,2024-09-29 15:37:00.377757
0.21323412496204536,0.2905072815754526,0.24993708515619323,0.3016864427640021,0.17704250907400731,0.3248594650032192,0.24736430782662766,2024-09-30 15:37:00.377757
0.23407222349608026,0.3439627817382714,0.2680539465067204,0.23306481642227445,0.17354337336863843,0.3111759227804228,0.2199019103088218,2024-10-01 15:37:00.377757
0.20531881854676579,0.3218641526717473,0.23632914263560403,0.25232470127485795,0.21268175359573666,0.30338200134619386,0.2457275168843185,2024-10-02 15:37:00.377757
0.2135132779058497,0.28357847053584423,0.22581463812558442,0.2634721419399326,0.21865006533792675,0.3099616631880488,0.2781169959305121,2024-10-03 15:37:00.377757
0.21296559375462054,0.3074019269815786,0.21212795415484612,0.2678256380169657,0.3013083890031829,0.2889520092425132,0.26501889647054394,2024-10-04 15:37:00.377757
0.19744359077781712,0.3170622531996817,0.1794167836675603,0.3018021440412874,0.2918231195538325,0.2911940194673481,0.2707116458247945,2024-10-05 15:37:00.377757
0.18454063405284982,0.32340470501344376,0.16739836531834623,0.2502515902884305,0.3228284907377506,0.3181496621671491,0.22506862876854425,2024-10-06 15:37:00.377757
0.18517086502933514,0.3582489755583784,0.21128672976554005,0.22309057578586702,0.3624453382594411,0.329561500524961,0.29567509959765254,2024-10-07 15:37:00.377757
0.13285703983062863,0.37821061295734737,0.17506482324388137,0.2230482104785834,0.28376370139298235,0.3147129987723299,0.25939859364506573,2024-10-08 15:37:00.377757
0.1622218777830554,0.38722195888222327,0.18515347910580707,0.2278188447214498,0.30260041258160186,0.3337320176654172,0.27072149587416294,2024-10-09 15:37:00.377757
0.1431760925499692,0.36652576897707356,0.22892922785011816,0.22322067715298086,0.2624757817648409,0.3174467830248182,0.23789953468677175,2024-10-10 15:37:00.377757
0.14072328369944537,0.3833964207756141,0.2687651251431584,0.17963624323715935,0.25389486646249276,0.316610253387107,0.30599225838588634,2024-10-11 15:37:00.377757
0.19414326287736333,0.3408909115438523,0.3177388538503047,0.16848784750399065,0.22025545751879572,0.34058621422769403,0.236366290528684,2024-10-12 15:37:00.377757
0.22099995349203874,0.3449204645705017,0.32350920495373003,0.2202316649821136,0.2576500131056965,0.3305510583515947,0.23179757817286775,2024-10-13 15:37:00.377757
0.18791534372085072,0.33915668456413933,0.3332555628181128,0.18883347198695097,0.23936066890845256,0.2902475440968268,0.24388944050012432,2024-10-14 15:37:00.377757
0.10584721675024539,0.2868561715910324,0.3140557614435008,0.18985565693661896,0.18965855164943257,0.28993741739089,0.22024532309401487,2024-10-15 15:37:00.377757
0.12856325138518424,0.29763435194203514,0.2721361307129392,0.20581182297891593,0.19749330706211374,0.3155366919999784,0.26325010796685255,2024-10-16 15:37:00.377757
0.12798969092736132,0.2779150110399521,0.26673155671636645,0.23021149587350515,0.24098261381956043,0.34282755460267644,0.25986201223833283,2024-10-17 15:37:00.377757
0.14023297285304678,0.28838189004959563,0.2987913924274557,0.2494629887535624,0.2083379516915896,0.30698021554387844,0.27541700734896113,2024-10-18 15:37:00.377757
0.1686976725948129,0.25773572689665947,0.23061420727112453,0.23277592213871734,0.23503765919364705,0.32509567487509883,0.2506961581239685,2024-10-19 15:37:00.377757
0.20073583509371226,0.28305001495910315,0.21779055843265402,0.20637403590754227,0.17864553543000078,0.31409797418959406,0.24868414802555833,2024-10-20 15:37:00.377757
0.19074603467012557,0.3317188268453127,0.2357027553471756,0.25909107915026874,0.22554562451015336,0.35489655218708366,0.24620889651419733,2024-10-21 15:37:00.377757
0.19057844914701255,0.262542562971276,0.23651204938700662,0.2839054450031724,0.2375186786169258,0.31392422939851766,0.2332963725211938,2024-10-22 15:37:00.377757
0.20534873818982163,0.2260897527899435,0.2740861579708168,0.282906052109735,0.20224600682757893,0.3310898600069743,0.2667187571606468,2024-10-23 15:37:00.377757
0.22138945002979968,0.19852191146484308,0.30236234435537424,0.3217912220788583,0.22626361507336906,0.31663221970362426,0.25756928818534597,2024-10-24 15:37:00.377757
0.22866524773641383,0.16052055520837927,0.25774210544211523,0.27282579201594914,0.21109484697791095,0.2957268270149823,0.2334616156755853,2024-10-25 15:37:00.377757
0.27359786351112225,0.15857249651612446,0.25983997728555247,0.2317633484752239,0.18539657392614778,0.3222049748582634,0.25355271973546567,2024-10-26 15:37:00.377757
0.28587704327100194,0.17452603361847152,0.23750282139218037,0.16733614908562205,0.17166495612127836,0.35242531495084306,0.2320259795529052,2024-10-27 15:37:00.377757
0.30658019829016314,0.19901391252119333,0.21593454540338233,0.17455509896931098,0.1939516747352898,0.28888377497907647,0.20720804627079475,2024-10-28 15:37:00.377757
0.3121292235221508,0.20953172669030967,0.17759949992590623,0.18280760135264185,0.16739643929886566,0.31629332040011915,0.21045438947539263,2024-10-29 15:37:00.377757
0.2792718624428339,0.2312880356403054,0.18842570024799762,0.1438355163530273,0.10481939229580649,0.31092525960012074,0.20751863708570478,2024-10-30 15:37:00.377757
0.25882186107414845,0.23013766527102206,0.22909839997864503,0.17323838281379658,0.09653635209676446,0.30874226354254464,0.18873796969892417,2024-10-31 15:37:00.377757
0.22270379406812715,0.21345741802403714,0.23994914199802592,0.1202935983454052,0.1415117084075411,0.26861750998966655,0.2219440926432239,2024-11-01 15:37:00.377757
0.25568817750020706,0.18721665815996252,0.1987727229917949,0.13612364419206863,0.1837770292754081,0.28592184465223347,0.22801319356445016,2024-11-02 15:37:00.377757
0.20927622473172144,0.18501828897783246,0.19978839898646578,0.1578484089415567,0.17008702456998612,0.35386671984932433,0.1979847230109063,2024-11-03 15:37:00.377757
0.20696527612269244,0.16088304695004543,0.2173916900958549,0.16518879668215625,0.15608803152397496,0.3328049809751171,0.18349681686858477,2024-11-04 15:37:00.377757
0.19822351248189082,0.17578914677992696,0.21532178366967886,0.12348329739073914,0.1410695810794345,0.36566691421694136,0.18872906834489772,2024-11-05 15:37:00.377757
0.140588631035446,0.15256478744816174,0.22632711777717454,0.16431715439815106,0.12558453490851543,0.3596528986344532,0.21957800542579353,2024-11-06 15:37:00.377757
0.13440879133463896,0.1428053868872913,0.20784013030447251,0.15280534606536222,0.11273907519862296,0.33942339553216266,0.14989047820929305,2024-11-07 15:37:00.377757
0.13101977843585763,0.18039510768603406,0.20287678644354884,0.14195779910989662,0.12585179669745958,0.29257045298853784,0.16283766277027226,2024-11-08 15:37:00.377757
0.18732902971524173,0.21927919751397817,0.19639927439373037,0.12607697443454752,0.1701911666427976,0.33220309288672367,0.2176025914088787,2024-11-09 15:37:00.377757
0.13311336170992694,0.25514402969507743,0.24266197702782935,0.15161098868527545,0.1447797392554393,0.33142681950128283,0.22636825547479808,2024-11-10 15:37:00.377757
0.1782927185585093,0.25329362415941625,0.2127754162000174,0.1394210172174177,0.12551850826023714,0.3140575745816816,0.2663958152298687,2024-11-11 15:37:00.377757
0.1751485135042407,0.23659948884529797,0.1520597090580164,0.10957671992566137,0.14138132696994693,0.30219744233797446,0.18646548696210496,2024-11-12 15:37:00.377757
0.20467863399933536,0.2522944621331594,0.19831081242896073,0.1443771369508168,0.16698106286266165,0.32031489894284154,0.21415404792574283,2024-11-13 15:37:00.377757
0.2093387468211306,0.22582552498623965,0.20437000942432107,0.14692600429268515,0.12611771324463852,0.30345494885058477,0.199143141580593,2024-11-14 15:37:00.377757
0.1784131967247397,0.24930801614470627,0.17071251607658716,0.18099691210032676,0.08794851386701803,0.27300550429132103,0.23278874726821797,2024-11-15 15:37:00.377757
0.22460766550663464,0.23021498907519203,0.20128928356614642,0.26819895232944607,0.14621906529659295,0.2684452284043119,0.20775602087218228,2024-11-16 15:37:00.377757
0.26291983965264676,0.22463825206936366,0.22067009014584277,0.24670751200191837,0.08342654920728483,0.2632131810871828,0.2492826677480965,2024-11-17 15:37:00.377757
0.23131519040718138,0.24889362871711077,0.27121051982262506,0.2283557690023836,0.08123187557887397,0.25760010508273223,0.19962196562022344,2024-11-18 15:37:00.377757
0.25011415781600005,0.19431636520242035,0.275927901393433,0.2500759697138073,0.04769792895439601,0.24425124445537572,0.24083068836224777,2024-11-19 15:37:00.377757
0.23241160723131332,0.17917051644465362,0.3463947953819811,0.23168267308999624,0.012204428739457922,0.28272012425174486,0.22803108260420915,2024-11-20 15:37:00.377757
0.18828437102633958,0.19381834732067316,0.3381309881501101,0.24285329585414542,0.01,0.3644830267658643,0.18688293999807387,2024-11-21 15:37:00.377757
0.16800504119040954,0.2141568549476988,0.35072759052813,0.24140950481078122,0.054445422588992244,0.32761913477789417,0.24420933903053582,2024-11-22 15:37:00.377757
0.21263697590328323,0.22826551476014234,0.36703352838568837,0.21632063198168372,0.06534940670414728,0.26142458242578326,0.23661429086120112,2024-11-23 15:37:00.377757
0.24109086276566294,0.22242015469840482,0.4545691579977192,0.20177439440911255,0.10733609654117929,0.25379513600532094,0.24380348331389556,2024-11-24 15:37:00.377757
0.23270904445828605,0.2499838774936536,0.43162790963715214,0.16369248260722,0.10991027024463916,0.1941464446328935,0.2668828244129447,2024-11-25 15:37:00.377757
0.2742710938102112,0.2209999819178584,0.4089440909037789,0.2210529372686525,0.1487190712925453,0.15196368634251786,0.18998156359902135,2024-11-26 15:37:00.377757
0.3074384434439626,0.19228194155128153,0.42298175881324235,0.23209924613957475,0.14849911262138868,0.1414878381160367,0.2117423949085319,2024-11-27 15:37:00.377757
0.2812453767263873,0.20597276999209047,0.37610570730027637,0.19078598181720094,0.0665887405942648,0.16740981833026694,0.16065501533318016,2024-11-28 15:37:00.377757
0.3285723718234519,0.176068384605656,0.3477734222761314,0.2448844455252622,0.09093136653873553,0.16414926897835816,0.2348118854171558,2024-11-29 15:37:00.377757
0.31346348571372007,0.2313361837606278,0.3386388620421894,0.211896849501233,0.0962837641273525,0.09939765399934065,0.1636162386511655,2024-11-30 15:37:00.377757
0.3030093489932756,0.25602515388423847,0.38966230467567153,0.19494237787393426,0.09692184777535563,0.0991596074020219,0.15549278257288518,2024-12-01 15:37:00.377757
0.24365857640812352,0.23860468328402315,0.4046856238470639,0.18936985041443055,0.07777030261100945,0.10106584500165922,0.22631605975652605,2024-12-02 15:37:00.377757
0.22574625722651318,0.2647485084228105,0.33380885748314026,0.19130365866342108,0.10575850008873575,0.10336234313383276,0.18741260742302288,2024-12-03 15:37:00.377757
0.22283961539152114,0.2271355750676575,0.39088375192502517,0.21402797567272114,0.07999923253765279,0.14364877225869568,0.1926605889628933,2024-12-04 15:37:00.377757
0.2334279342239785,0.27184232728975144,0.38210233183246667,0.15680682496230525,0.1078229839462734,0.1761626583590598,0.2232690769787204,2024-12-05 15:37:00.377757
0.2013909558474127,0.2711746888742366,0.35344371121910567,0.16082914033590273,0.11739149916370131,0.18202208688824428,0.22831216201508808,2024-12-06 15:37:00.377757
0.18176537701214468,0.2522236121914584,0.41658412059974953,0.15548748589383626,0.14419360433385772,0.24715531785676492,0.2539332220550866,2024-12-07 15:37:00.377757
0.36713189151220127,0.24313697840906243,0.37121955461709016,0.1639556745890625,0.15448359863796016,0.20414521696008991,0.2755380472620408,2024-12-08 15:37:00.377757
0.3579509201282186,0.22099939880592598,0.403800848631807,0.15705683810951684,0.1946891158652323,0.19098282913932488,0.26290563052759985,2024-12-09 15:37:00.377757
0.3409060825161615,0.21580333093811754,0.3965460761780963,0.14669806169116112,0.20955289696308582,0.19013812077374012,0.2602587352607677,2024-12-10 15:37:00.377757
0.3630998889964461,0.18220430100811263,0.41114879117275593,0.14676758787627114,0.21466277383062865,0.19239925771796842,0.22037854189036316,2024-12-11 15:37:00.377757
0.3575717903164483,0.24021040319596146,0.4192444003306117,0.12906642721006348,0.14700831315909407,0.15261240534688378,0.2494709705829237,2024-12-12 15:37:00.377757
0.36363248916856944,0.2237080452997217,0.43225420754920635,0.19390822349190057,0.18896893541260554,0.09922602529815741,0.23831363603088224,2024-12-13 15:37:00.377757
0.3673004503902843,0.24997114662014772,0.49497235418921953,0.21023120380024718,0.1446023704177002,0.10665060002312556,0.3273398379995862,2024-12-14 15:37:00.377757
0.37308669974767517,0.2562566917985735,0.548276583330842,0.14069043994666247,0.11024590123549566,0.06611381510156034,0.24172333437780089,2024-12-15 15:37:00.377757
0.36408763782186526,0.2264078356941858,0.512761293874201,0.16851044387787387,0.14037566002083388,0.05536859142142045,0.3290572009219923,2024-12-16 15:37:00.377757
0.35657114405486473,0.2219396038568873,0.5145961036646234,0.15124105586146902,0.145890175360411,0.06860506707551495,0.297797602808292,2024-12-17 15:37:00.377757
0.38507599437113843,0.25913601203957376,0.45059817353209236,0.14464529669908283,0.10476265114494311,0.039107083699058375,0.17983892559550244,2024-12-18 15:37:00.377757
0.40802718182136016,0.24488950826940517,0.46541002930228703,0.1385502367660359,0.09399072200763056,0.05955514322823376,0.14710619054552274,2024-12-19 15:37:00.377757
0.3936118904819061,0.2127497594224903,0.48677194284925684,0.20660253459102804,0.13676868151490573,0.23138014155509426,0.2448942715677478,2024-12-20 15:37:00.377757
0.3669364893928877,0.23098587285733646,0.41269875517630467,0.20491601906391793,0.14652816930682303,0.22134082200142396,0.34450929181771517,2024-12-21 15:37:00.377757
0.3636147118288142,0.16678943707165622,0.4039027714973613,0.18761996444602957,0.15246331918065004,0.23790190334250427,0.22228062361060122,2024-12-22 15:37:00.377757
0.3498746036380812,0.16262363752860687,0.41807954227256416,0.2118332424903282,0.1358429485688944,0.23603919718523547,0.23241315206527136,2024-12-23 15:37:00.377757
0.2897900799430652,0.2057306708226529,0.4202105291877485,0.22973779990279117,0.16583863421960626,0.24593076321487392,0.21436690294129082,2024-12-24 15:37:00.377757
0.27887929356861874,0.20146532167101328,0.37520257860428974,0.23571301971664274,0.1663526094480579,0.2593188064943856,0.2910441549720893,2024-12-25 15:37:00.377757
0.27004382681475136,0.23201638036267036,0.3352965452513244,0.19496684167003747,0.18861238701500524,0.25590357074603504,0.2774508698871491,2024-12-26 15:37:00.377757
0.2227575389267268,0.20015131354167487,0.32687635065054144,0.1832099853998725,0.1673053945605954,0.266545236529397,0.21088639865076525,2024-12-27 15:37:00.377757
0.21930072839462564,0.19503346553831968,0.31031583184834377,0.21180290937339924,0.23459904771631498,0.2453127704124886,0.22547051783093955,2024-12-28 15:37:00.377757
0.21557433829793363,0.1874268510979098,0.29724271779988576,0.20689958367130148,0.27641147584515724,0.26029049721869624,0.24016481296161069,2024-12-29 15:37:00.377757
0.23204079080044046,0.20523314459530415,0.2546486405108444,0.20480187786691026,0.27886794370474816,0.2529035414301101,0.23387684646361157,2024-12-30 15:37:00.377757
0.2873409822158811,0.20950664278304706,0.2553580844512855,0.226189958340501,0.2875632131438615,0.29183607626219155,0.25958742529551726,2024-12-31 15:37:00.377757
0.27518756725836013,0.15093349067921064,0.30331752942070656,0.2351435545807936,0.267917827142284,0.29387413067512336,0.27028930840528165,2025-01-01 15:37:00.377757
0.2822786479347822,0.1991451663193068,0.2652839482107215,0.25102383128607564,0.2875976703434224,0.27516281213134597,0.26610010263491024,2025-01-02 15:37:00.377757
0.26538831466006907,0.3036370282639527,0.2579296672296566,0.26976879062188014,0.22110586961250742,0.28919534846151834,0.2581866381626641,2025-01-03 15:37:00.377757
0.250256141781415,0.4789496363413297,0.27581896522443183,0.24640208729651808,0.27214986524723794,0.3278195970853442,0.29418869227485794,2025-01-04 15:37:00.377757
0.261027608618758,0.3823769612823419,0.22786680494797296,0.22673573965623342,0.2897349924215489,0.3099313950949937,0.26348094868359867,2025-01-05 15:37:00.377757
0.24797746901935624,0.3491382294525517,0.23021208836819748,0.20220849712498562,0.36470592616537767,0.28807471792931816,0.27829647779329436,2025-01-06 15:37:00.377757
0.24618490517505098,0.36733520329699393,0.2623162509095349,0.18624906016789955,0.4076683305729504,0.20762698607208385,0.22409343651070757,2025-01-07 15:37:00.377757
0.25824962537759083,0.34145277058881907,0.2318927528962371,0.1840590763987972,0.447497021101512,0.21380134699810124,0.22698750205232948,2025-01-08 15:37:00.377757
0.26574366846735487,0.31489106508566533,0.23687585226797567,0.1840559576178258,0.4205477240862604,0.2058242685149554,0.251601892441336,2025-01-09 15:37:00.377757
0.19334858893811696,0.2652983914310793,0.26622090971731727,0.22681840846513762,0.42506856903298434,0.22319316951862808,0.2772343911773574,2025-01-10 15:37:00.377757
0.18130481433090664,0.24835432142562722,0.33515006340703596,0.23429237700952585,0.40449554014404154,0.2403686915401643,0.24721179055094708,2025-01-11 15:37:00.377757
0.21765857924067256,0.2280596857585572,0.33342811451114396,0.23026517669978913,0.36682155987810783,0.19935003365400777,0.2744532412592484,2025-01-12 15:37:00.377757
0.17230620933047103,0.14172902177612112,0.3078491686883715,0.30627893280282814,0.37654427240775407,0.2289343928855156,0.24582036829849113,2025-01-13 15:37:00.377757
0.08596192867313476,0.08662240674364273,0.2503339019198924,0.27179580146872884,0.40479650188521715,0.20700631716922782,0.18681732656970565,2025-01-14 15:37:00.377757
0.11129921442605428,0.01,0.22914400233103682,0.2600954386082822,0.36053456298604775,0.19531798979581722,0.25355414786309105,2025-01-15 15:37:00.377757
0.125543970415833,0.015230308578632452,0.18842805078593305,0.3102663346874185,0.32158539408975273,0.1304682884640862,0.23511334628493336,2025-01-16 15:37:00.377757
0.09906051969105847,0.06863952403858367,0.24262971058840993,0.3573507013951867,0.2990781993731314,0.1465239192440992,0.2630733549867605,2025-01-17 15:37:00.377757
0.10992355323072375,0.0359254836716446,0.26967283980262363,0.34102593700073197,0.2901997800831392,0.11874544674301765,0.17641413422708463,2025-01-18 15:37:00.377757
0.09813791728369736,0.045592690769443465,0.2350366647268158,0.28633954697587344,0.31330442566892375,0.10673448595836882,0.15059329689235762,2025-01-19 15:37:00.377757
0.12055293898877809,0.048354580617970974,0.21277891035033844,0.26976386248099526,0.3443412397803324,0.07843830177840382,0.19370370638035667,2025-01-20 15:37:00.377757
0.04138649215220745,0.07723526070496456,0.21668213291028016,0.30861737602655454,0.3145114737828646,0.116895597054877,0.19658003940081742,2025-01-21 15:37:00.377757
0.04412694719342231,0.10697670166388315,0.24921109600747057,0.30050763319650176,0.31727421264580485,0.112127915086279,0.14569756236713197,2025-01-22 15:37:00.377757
0.03827916707904704,0.17877572690218324,0.26430109256216067,0.3171425657330857,0.34673588843915887,0.08093756135158067,0.16269735646066788,2025-01-23 15:37:00.377757
0.07280052212196769,0.18971944901656634,0.2755931135998559,0.31187823127084774,0.4072559592369508,0.053157901507701076,0.19876102183394803,2025-01-24 15:37:00.377757
0.01,0.1686650757515517,0.2803630450737407,0.26525648297396864,0.40522316517525026,0.08727339015425739,0.29156780728719955,2025-01-25 15:37:00.377757
0.023364744289922558,0.1557645309277544,0.2466342330525211,0.2636171666496507,0.4049455352943899,0.06991809300221363,0.2035398918507919,2025-01-26 15:37:00.377757
0.051446599771777596,0.14633683274683315,0.24923499768691976,0.28618976196484075,0.40917510431785026,0.06443267056991774,0.21013975668204904,2025-01-27 15:37:00.377757
0.11707369288004735,0.13226998650558003,0.24807641629002242,0.2656449602139414,0.3916835222814359,0.07483828282149782,0.19312564400258914,2025-01-28 15:37:00.377757
0.10926702910324072,0.18811704470900695,0.20604540848767364,0.28727213740638563,0.388096701527738,0.07415564381678015,0.16848885853396872,2025-01-29 15:37:00.377757
0.1260374357786542,0.21078037702186353,0.25844405644786567,0.28635327740392624,0.32222518970705594,0.028057407169698657,0.21924913831830461,2025-01-30 15:37:00.377757
0.07811968021285054,0.16380130485825817,0.24033828162731083,0.3052378238238283,0.3010004721030987,0.05763354699261887,0.16011257107751284,2025-01-31 15:37:00.377757
0.08654688739276589,0.182519054657523,0.19940340636895576,0.3106694856614462,0.3135254393818225,0.0599310190778539,0.12428257077698342,2025-02-01 15:37:00.377757
0.1300749237170803,0.15423987166023337,0.18884857280528342,0.2776896436230317,0.2836267015061634,0.07827604571103025,0.1904341355189018,2025-02-02 15:37:00.377757
0.19213571274754188,0.17981094903268752,0.18417752959968942,0.26598324274075336,0.30782167096931035,0.10765877147523986,0.1857918344979493,2025-02-03 15:37:00.377757
0.20762009536088277,0.21649539356989453,0.1853796495207017,0.2539480560812082,0.25408138426534643,0.05394551475135241,0.190045681916183,2025-02-04 15:37:00.377757
0.16261264687906127,0.21123159560350882,0.1803987894796638,0.23370636182731477,0.27848428700125866,0.08484244493086626,0.16036004917966334,2025-02-05 15:37:00.377757
0.20764920260641864,0.19587742853328807,0.18345073941719897,0.2403224272936738,0.3015792587633455,0.1680532371959678,0.22481368795465406,2025-02-06 15:37:00.377757
0.1628757132789601,0.24271459783113677,0.19126614117190266,0.29781435865831907,0.3650607135649667,0.18421861765220834,0.21909514120216045,2025-02-07 15:37:00.377757
0.1318481376797787,0.22209401133455065,0.1971376493545452,0.32611533738297027,0.34862491642814675,0.22713756045581923,0.22380566914053163,2025-02-08 15:37:00.377757
0.18135399507706612,0.19960520667222825,0.21155979035634698,0.3573348652034151,0.34375297594941373,0.2570205006774288,0.25362217445177737,2025-02-09 15:37:00.377757
0.18243937555145728,0.17362304141463303,0.22708936654380618,0.3302491800292107,0.3850515278210324,0.27657584419851045,0.26253277800623676,2025-02-10 15:37:00.377757
0.16812063724121618,0.17496043862700658,0.24262012465666413,0.3618210852490191,0.4196143795251176,0.3051650190183511,0.30387520247681565,2025-02-11 15:37:00.377757
0.19317526978466668,0.35109314767520294,0.2648573542609444,0.40243975038116475,0.4417347557559244,0.3378634693442003,0.34980231592851296,2025-02-12 15:37:00.377757
0.20094534925655042,0.34031232370484743,0.24334396332088337,0.37220189945137766,0.4423844932428892,0.3702885105394282,0.35742531215170326,2025-02-13 15:37:00.377757
0.26928477605830686,0.32985083722821346,0.22390558690817985,0.3775714110231335,0.47777350685077435,0.3279692699230302,0.33609385849462653,2025-02-14 15:37:00.377757
0.30058083931409846,0.3296477213512988,0.2562267392104971,0.5752808315858376,0.5456451888230143,0.3560320945946668,0.32457441138042714,2025-02-15 15:37:00.377757
0.30437185130448685,0.31159140965742155,0.2436915990312242,0.5507166368549714,0.5488059040332876,0.3429891243965986,0.3785758002705304,2025-02-16 15:37:00.377757
0.30866869951295045,0.32849992933585614,0.2402784457647899,0.5300347318490382,0.5353454538054685,0.37639716524619277,0.4437108094701531,2025-02-17 15:37:00.377757
0.33679856702981126,0.34191428857825007,0.23442299658201135,0.5129253896544128,0.5427515906718244,0.38481968967454894,0.4449943074580159,2025-02-18 15:37:00.377757
0.32970745795396694,0.3795266165260901,0.3034766095823399,0.493362865145053,0.5335161422691127,0.3413820982889636,0.39385437998023676,2025-02-19 15:37:00.377757
0.2990889997101124,0.35852673086224107,0.2752360398133032,0.5103042079414488,0.5111523355488917,0.37955182533683274,0.4523478009905983,2025-02-20 15:37:00.377757
0.31941999634919,0.3348498713787489,0.24789562821297872,0.4591604459116079,0.5241103411562793,0.3502265981189045,0.3326998813175212,2025-02-21 15:37:00.377757
0.3071962375639744,0.3483832870293443,0.24767483269128063,0.43734503131963287,0.4954841929560425,0.336034849582237,0.3782373557548302,2025-02-22 15:37:00.377757
0.31306333741347586,0.34590247533956303,0.24226671658622054,0.4477637238413254,0.5005035236619131,0.3825035042770213,0.3366438085006888,2025-02-23 15:37:00.377757
0.2500442171292499,0.33997055912107993,0.208748018872369,0.49087089165908815,0.44272166843243177,0.38020812321495134,0.36238786863000594,2025-02-24 15:37:00.377757
0.246077908605741,0.4071231909511391,0.20805191445062257,0.5099855291523983,0.4843054792975869,0.3632529951496844,0.4202760934089317,2025-02-25 15:37:00.377757
0.2305620740923113,0.4347947307594673,0.21063007719694626,0.4997810028257706,0.44946564125084687,0.35534254870864673,0.2621712549495534,2025-02-26 15:37:00.377757
0.1708800111888373,0.44723980107105926,0.19749148476986741,0.48224040501029647,0.39939530417885694,0.3390168402996434,0.3269299130417057,2025-02-27 15:37:00.377757
0.17179758906834947,0.44073178576360794,0.19559849009247604,0.4608480098852762,0.4320252597026836,0.35877739078286186,0.2767491027942883,2025-02-28 15:37:00.377757
0.1736640068598934,0.4319813390586486,0.17533494066953212,0.44069405760790853,0.46938317556827047,0.343159185629574,0.40020510298773354,2025-03-01 15:37:00.377757
0.18839992544248085,0.4137753423477387,0.1452263169918247,0.3777773868122965,0.4680205141283218,0.33726111020382016,0.3065099645172366,2025-03-02 15:37:00.377757
0.22626136046937248,0.411904600409281,0.13802619412507758,0.4228657464056625,0.45426613899088275,0.3502659141507662,0.3866855478984,2025-03-03 15:37:00.377757
0.256641339276356,0.3891550879855062,0.11376966562184658,0.4112966975730107,0.4340617034697258,0.3590538881590419,0.3332040218409863,2025-03-04 15:37:00.377757
0.24258027483240976,0.34652843100018205,0.08153354285665432,0.37890504460835267,0.4327862612044597,0.33303094622338586,0.26002950100707845,2025-03-05 15:37:00.377757
0.24852191850335145,0.3402056048263294,0.21061792477949687,0.3834642136764983,0.42243693083781536,0.35348835014748553,0.32090578675824677,2025-03-06 15:37:00.377757
0.26385407377518716,0.3444237455151975,0.21914680774324097,0.3545762998027086,0.40893397324885183,0.332815506677308,0.29236178271546065,2025-03-07 15:37:00.377757
0.2502520904877885,0.3684377471726856,0.20729985189904857,0.3752922179673035,0.3748514836861803,0.2979771346421751,0.32942776719092426,2025-03-08 15:37:00.377757
0.20571778601566904,0.3387894060632144,0.2406477860834413,0.34554964914638064,0.31679382717210786,0.24304901067790952,0.2735452983938233,2025-03-09 15:37:00.377757
0.20167785039867334,0.33537017864689805,0.18246393366972077,0.36198313747738514,0.3160783484239246,0.23807180363078553,0.275557105792179,2025-03-10 15:37:00.377757
0.24029220252465713,0.3466678051277568,0.17477255381529086,0.3461912103740902,0.2951387418554884,0.19128512448771828,0.26275625982405976,2025-03-11 15:37:00.377757
0.19496255670073487,0.3567085655021961,0.18494818994275822,0.3483298740804284,0.2998001302257004,0.1696841129991772,0.25747550344991027,2025-03-12 15:37:00.377757
0.16817478532028024,0.3995033104763442,0.1691384840387582,0.3670055667362815,0.2704494925046394,0.1732132138213401,0.3144935635629389,2025-03-13 15:37:00.377757
0.14849034264080985,0.38347531724126654,0.1719427792266018,0.34436889984078334,0.3013126286704039,0.21175756656138278,0.2998369870348259,2025-03-14 15:37:00.377757
0.1243421701222783,0.35075372253125325,0.1204484488311392,0.36246563843626844,0.314773233108124,0.2052546266309651,0.2197677397065057,2025-03-15 15:37:00.377757
0.15172789911978365,0.34865043519748984,0.11406639058208624,0.3045539305998551,0.28973231430625723,0.16540591058318121,0.24676673267979107,2025-03-16 15:37:00.377757
0.13774075477777764,0.33664041755825164,0.09547004200921258,0.3452601266235983,0.3021633013437757,0.16639144534227965,0.26627328711562304,2025-03-17 15:37:00.377757
0.16531238211418414,0.3201018393452078,0.1309667061938336,0.3686563209727867,0.27336546726990635,0.2039348916518058,0.3247685282657781,2025-03-18 15:37:00.377757
0.17087752693394315,0.3005540472526177,0.1414020535740412,0.3587957307703636,0.29686770803328366,0.19715158975524572,0.2352051650351479,2025-03-19 15:37:00.377757
0.12246242760145643,0.30687548856125146,0.16995445718390276,0.38720313772991055,0.26941491199843187,0.24017700410291115,0.21155454784128466,2025-03-20 15:37:00.377757
0.11656005199851197,0.2840690451893051,0.20875193331635794,0.4106512184484955,0.2650099952445444,0.24001245147450187,0.24850862394574458,2025-03-21 15:37:00.377757
0.15340978475247885,0.30402269749298405,0.19563535068090437,0.4012878138607239,0.268692172704321,0.2617287701149051,0.26691269585703853,2025-03-22 15:37:00.377757
0.2287499593431276,0.3214799008527698,0.20156868060464705,0.3920800723575229,0.3136676009997373,0.26769400123548504,0.29916408885107165,2025-03-23 15:37:00.377757
0.21971588367962602,0.3294319679703082,0.1716348643334768,0.35730367919432815,0.28714137737476897,0.30547520392989985,0.30311989502547076,2025-03-24 15:37:00.377757
0.1983545123212468,0.29562751391779907,0.18636492296734536,0.35215937567731875,0.2607996588351892,0.36699165537095213,0.27254331306638613,2025-03-25 15:37:00.377757
0.23202587346735884,0.3008325839098514,0.20467531242050627,0.3026949987834888,0.2166080377407132,0.3470491386722904,0.2751428641728268,2025-03-26 15:37:00.377757
0.2839076592842522,0.3291733477430186,0.21567048870360425,0.32087794584005214,0.27433573242856757,0.3469593632668022,0.3049074269964398,2025-03-27 15:37:00.377757
0.2701584255117906,0.3491157381679899,0.20217670449032238,0.33883172874083906,0.27416317202213414,0.3767915951869959,0.28840054720107144,2025-03-28 15:37:00.377757
0.28959137403346025,0.3635275826248162,0.2581111204413591,0.28248226038926677,0.30565216219375235,0.3780641343308911,0.3254208042835681,2025-03-29 15:37:00.377757
0.2530010368915915,0.3584326406245162,0.2581090753578699,0.3208747197348206,0.28573403486153914,0.3178686356769749,0.30122188937693134,2025-03-30 15:37:00.377757
0.2670421335118184,0.3522840235771996,0.34577335865980974,0.29809755594134024,0.2694195825605373,0.3058380215870885,0.3263877211259956,2025-03-31 15:37:00.377757
0.24682286467516562,0.3832433598378318,0.3087848497601324,0.3804225958743646,0.2670707385703056,0.3103972804371963,0.3417801365450421,2025-04-01 15:37:00.377757
0.1850796268670237,0.38495370759629577,0.3238519962444541,0.37929013425960406,0.26572014934711474,0.3552027551014568,0.3260966307440884,2025-04-02 15:37:00.377757
0.17880513075639648,0.3869529325169402,0.3488973580887019,0.4131800561601963,0.28543387722524177,0.35304876196485924,0.3357416481358696,2025-04-03 15:37:00.377757
0.24081515356227104,0.46276181820269024,0.3122715661852668,0.3764855222405478,0.28557165520887523,0.32149596441589334,0.33298837724259644,2025-04-04 15:37:00.377757
0.2720276704616107,0.4429554088679416,0.30144963412235004,0.35990659152113635,0.2726397021027268,0.3259965938027535,0.32395292980499274,2025-04-05 15:37:00.377757
0.2695051658621971,0.3705985514589498,0.25694298806350363,0.3374853765492649,0.3282734698225825,0.3662902918762407,0.294509040282161,2025-04-06 15:37:00.377757
0.22106460466870342,0.35946087648212516,0.29267313381708526,0.2882899739231092,0.264943147632159,0.3418076705956088,0.2769495355457822,2025-04-07 15:37:00.377757
0.16142475934959016,0.35054860759282713,0.28747963562715306,0.24833137107769435,0.24100509896246994,0.32208834659144964,0.2721665349863645,2025-04-08 15:37:00.377757
0.16727832542965995,0.35344922536255485,0.2603326749420056,0.24336702848918337,0.2153330108650342,0.3002492124834084,0.24050834467229104,2025-04-09 15:37:00.377757
