process_failure,human_error,system_failure,legal_risk,regulatory_compliance,fraud_risk,overall,date
0.1976681647655618,0.3379042408378985,0.2992467443465697,0.4472035979145436,0.26521624175887504,0.12918254668700063,0.31517196950900905,2024-08-01 15:37:00.415395
0.2748538821510455,0.4620277128660108,0.36603648738618305,0.7398356243414799,0.3713588919854138,0.06307360058876973,0.39026445008509536,2024-08-02 15:37:00.415395
0.23740359569037162,0.5088164538977292,0.2505072671364934,0.8104881348469294,0.27127752722240883,0.17331419512352722,0.399962076437716,2024-08-03 15:37:00.415395
0.2016177380845299,0.529388145111761,0.3345030633248818,0.7198521701333315,0.2563707581353022,0.23817902082925363,0.49447031317160417,2024-08-04 15:37:00.415395
0.05429424625413043,0.509406154622904,0.39429601617491716,0.6728183761308727,0.3794800073793019,0.353345028472567,0.2709960317880391,2024-08-05 15:37:00.415395
0.01897365630973636,0.41593720723772043,0.38365538762602686,0.6346024858433748,0.5041175499814329,0.3896309166487206,0.446230935455136,2024-08-06 15:37:00.415395
0.01,0.3958163014794178,0.245175352861499,0.4702108550414528,0.3454022351824757,0.22828819985543577,0.31563557852917834,2024-08-07 15:37:00.415395
0.01,0.26602265254165625,0.18864485892911204,0.6595505233304778,0.27360381743869494,0.2716525428959244,0.193918030164974,2024-08-08 15:37:00.415395
0.03357753842191315,0.4225642670711043,0.17550137077558675,0.6497041784046915,0.1668322280975672,0.13905758899151793,0.33941871356514997,2024-08-09 15:37:00.415395
0.01,0.4987836318429996,0.3048576104167968,0.6593922745821501,0.12316883336892835,0.2502466632910353,0.3947937626033925,2024-08-10 15:37:00.415395
0.01,0.49880759793913526,0.30022112384062577,0.6928693079675096,0.062146074907533766,0.2075121984517767,0.37296267059687027,2024-08-11 15:37:00.415395
0.01,0.41435163992263474,0.40376669249152597,0.7727515029270163,0.34656844287217375,0.06147437234582265,0.3695294691216459,2024-08-12 15:37:00.415395
0.01,0.3182819040371219,0.43242363904094305,0.6580811003187725,0.34637127533234047,0.06236981771423144,0.45036047520282374,2024-08-13 15:37:00.415395
0.01,0.3032373278077411,0.46991024681273647,0.4662049522589937,0.22714230708074493,0.027905470144365778,0.09276474962461113,2024-08-14 15:37:00.415395
0.04629772355042799,0.3894314406952018,0.5222597828601786,0.44098187852332454,0.28426794204141914,0.14507609006836897,0.3129790717072973,2024-08-15 15:37:00.415395
0.01,0.5598073663027535,0.4857744459441114,0.41201958760715546,0.26146131631672376,0.28618721625531385,0.38051336219910875,2024-08-16 15:37:00.415395
0.09396199219958694,0.4239459163438931,0.47140951116105545,0.48686122217917477,0.3291141469068538,0.2526659909414533,0.38183430362701537,2024-08-17 15:37:00.415395
0.12268703789670493,0.4714158518288498,0.5954495849934552,0.42804119159901155,0.3006146854834702,0.2814579369868404,0.37779439528808284,2024-08-18 15:37:00.415395
0.12414434058692804,0.4072872280164429,0.5228017985584482,0.40959817777828395,0.29392675824891606,0.31632594947698806,0.29103187750834036,2024-08-19 15:37:00.415395
0.10883779095454564,0.3610815820767981,0.6767463475924992,0.43255046443331674,0.3375249436593952,0.31413094036179806,0.3745897369013206,2024-08-20 15:37:00.415395
0.07993841202043747,0.3653944494879926,0.6724384275548453,0.4731106868590935,0.23119544590051047,0.2956883290651891,0.18719458573341774,2024-08-21 15:37:00.415395
0.189082491779118,0.29033921653659955,0.5955218570043638,0.5335941532606224,0.25050055213421857,0.21572292962778225,0.2558728174051909,2024-08-22 15:37:00.415395
0.22679592443569366,0.2723169314917927,0.6377877087024197,0.541206385880925,0.3134001236571758,0.05677987554496469,0.29091917285085017,2024-08-23 15:37:00.415395
0.19879872297644047,0.19502035533345924,0.4538396574822009,0.4154311912708525,0.3608061202193181,0.01,0.18286656378064703,2024-08-24 15:37:00.415395
0.01,0.15135991781563632,0.30659642049437574,0.4486315473650476,0.2898652765366107,0.01999058271886752,0.27770069567240924,2024-08-25 15:37:00.415395
0.08255086599567811,0.22977713224917257,0.37770391852264373,0.38557784955553065,0.23749572886717973,0.01,0.14109205421683804,2024-08-26 15:37:00.415395
0.020893745605856724,0.24522818312534428,0.2897908697148824,0.4957444335067813,0.06548395948999983,0.04615405964590496,0.25109896166517565,2024-08-27 15:37:00.415395
0.010019944498954575,0.3185916150725381,0.28900730417636006,0.4908716537376878,0.1475216845660779,0.06808734699687224,0.36176926504948476,2024-08-28 15:37:00.415395
0.01,0.26102589601378495,0.2922327104493909,0.5059958572047746,0.3448130406152716,0.03348177203417474,0.30072789417956963,2024-08-29 15:37:00.415395
0.010790692100256455,0.31732848138648007,0.19136825289959253,0.7328475446207714,0.26282777534172996,0.025358723503121204,0.15358750017733228,2024-08-30 15:37:00.415395
0.10137848151072147,0.17298323790767142,0.17991306460994314,0.7820059132891407,0.3667727537245149,0.01,0.3168150566466721,2024-08-31 15:37:00.415395
0.2363711600065595,0.18666172121181224,0.19133713688895376,0.7952098722641336,0.5426853869181426,0.10217591760912571,0.25555759145752094,2024-09-01 15:37:00.415395
0.2750998442605186,0.2528019564411853,0.2727859019060354,0.9353391517195085,0.4916731764620307,0.1887571096666069,0.47367119707234606,2024-09-02 15:37:00.415395
0.22128407413303147,0.10862505301491965,0.21576802449093174,0.7963853528674902,0.47555416575155696,0.3357331268404063,0.34274515734410216,2024-09-03 15:37:00.415395
0.22499552690648425,0.06252855066197933,0.3847714106828422,0.7557539920683735,0.49261302699849074,0.42853600251430124,0.3670027622117529,2024-09-04 15:37:00.415395
0.3725636795844206,0.08166800354735763,0.44120869766273096,0.6594194515861178,0.5280747611074552,0.4495437803628945,0.4599592755741838,2024-09-05 15:37:00.415395
0.379769731746635,0.1861509561992894,0.5506171439959813,0.7947398843984386,0.5473955716074517,0.4946994561163069,0.41964617901246304,2024-09-06 15:37:00.415395
0.35187058361737517,0.14292314013224153,0.6243033182583314,0.808523327862585,0.5027774219591179,0.5186175127865362,0.29668854386758037,2024-09-07 15:37:00.415395
0.33250658453113036,0.2014593591380049,0.673928250570638,0.8937939952675643,0.5515800209482066,0.6049452307431398,0.4821891300442577,2024-09-08 15:37:00.415395
0.366021386740631,0.33912756704031566,0.6936455227300635,0.8037491089297844,0.5087360896568692,0.7587054379275885,0.656125236651449,2024-09-09 15:37:00.415395
0.2929558931432126,0.3921076801345485,0.7714229909723005,0.7109208053058935,0.5352383206252226,0.790255335785482,0.5283310100493376,2024-09-10 15:37:00.415395
0.25114996456344363,0.37222821138395173,0.7026806723832344,0.7517200040865462,0.5238427513623134,0.7631453774662699,0.6227676779084941,2024-09-11 15:37:00.415395
0.33897865692845813,0.40501992941817194,0.804112104671162,0.6522597078800298,0.35607769165557834,0.7938026419233803,0.4513131728991444,2024-09-12 15:37:00.415395
0.36961732395140684,0.3484102661428395,0.7996904638599198,0.5982754754569214,0.4698467421370587,0.680342719344921,0.5537427711043295,2024-09-13 15:37:00.415395
0.37787343719516014,0.35678283370825853,0.9339426829517963,0.7417884482950818,0.41074488856629143,0.6622058897989935,0.6086361388031786,2024-09-14 15:37:00.415395
0.4641578144833622,0.3429327408375584,0.9230575193158448,0.6867317691750136,0.5319070725233505,0.6314037120977887,0.6705066300583169,2024-09-15 15:37:00.415395
0.3957651453102323,0.3741703433824487,0.8362770230247522,0.5427422647522899,0.6183568317131276,0.6060009928824491,0.5705658245108509,2024-09-16 15:37:00.415395
0.3644872948509216,0.3363928992623042,0.7689134468086256,0.4604506809423313,0.6255304923990956,0.6680451886680623,0.5954451859764516,2024-09-17 15:37:00.415395
0.49109239579989433,0.3730739471132357,0.7955229683913893,0.40576091376489454,0.6591549863332813,0.810105480613147,0.6427523797518981,2024-09-18 15:37:00.415395
0.5080327505060896,0.3345316464837503,0.7221138196173477,0.6337108037867926,0.7022666397521223,0.9119310736646334,0.5515715874182145,2024-09-19 15:37:00.415395
0.4697868064933759,0.4142062874684151,0.8594870139455443,0.7588151593285618,0.6673928499368569,0.8390667906317809,0.6265707182942044,2024-09-20 15:37:00.415395
0.3920925119387614,0.38215385519988865,0.8737817935189299,0.9194227612964547,0.638408611911198,0.8388273004799872,0.6580547584288939,2024-09-21 15:37:00.415395
0.560244617450771,0.19761495427388737,0.8515130168781214,0.9836172505546636,0.6779082863209157,0.7443470255532122,0.7266598836192448,2024-09-22 15:37:00.415395
0.565944389733098,0.11500643857762662,0.8377401854388589,0.99,0.3973778948850847,0.6629809795670882,0.5414163424098785,2024-09-23 15:37:00.415395
0.3829577608695294,0.12891377077580493,0.7906892877988149,0.8848621004919923,0.3938252120606997,0.6417858844842919,0.5299603994385971,2024-09-24 15:37:00.415395
0.5000665896105502,0.29134744034179016,0.618982256759891,0.858315294300407,0.357167290679665,0.5632781912401096,0.559686743535719,2024-09-25 15:37:00.415395
0.47575077329972165,0.3694265706312147,0.5625463623149528,0.8960743998564911,0.28774993604155696,0.5009094899548002,0.520097343822299,2024-09-26 15:37:00.415395
0.4971024954447607,0.16995306428894427,0.6940778528953082,0.9552481486350125,0.3279971450806873,0.5154104205052441,0.5143292312276445,2024-09-27 15:37:00.415395
0.5931014239788746,0.046382648954311295,0.6975746239209403,0.8227337209312464,0.27319273761355606,0.5526115594072459,0.5376403849138088,2024-09-28 15:37:00.415395
0.6491203257217405,0.16500138039521936,0.7749347399599872,0.7821676835495095,0.35514851324732655,0.5854611858196184,0.5104596846100212,2024-09-29 15:37:00.415395
0.7609157974199023,0.23170167932502403,0.8512692779708044,0.7536180376461911,0.44117234166880803,0.6175905322698966,0.5403327585850836,2024-09-30 15:37:00.415395
0.6147034118976019,0.4424789525611685,0.8232400518172005,0.722979860009386,0.2830967091139618,0.49332138764694494,0.5884167702582267,2024-10-01 15:37:00.415395
0.6754354188831077,0.39701252397448805,0.8587871082835482,0.6126540528192882,0.22920853008819797,0.41795956888852537,0.6350996679246542,2024-10-02 15:37:00.415395
0.6630558383222079,0.31867590452393235,0.6919724587407883,0.7668896811484007,0.27462113260444276,0.41847599563438326,0.6580412281873974,2024-10-03 15:37:00.415395
0.5522957121707481,0.32718307064748103,0.8082624672790795,0.7261616281944958,0.3858922794069385,0.5121202201516052,0.6071595426681303,2024-10-04 15:37:00.415395
0.5853042453193771,0.2858347469062465,0.9100575657883961,0.6215040154796578,0.4483450116846873,0.7172627336597674,0.5427659058463773,2024-10-05 15:37:00.415395
0.5035462367431469,0.3829216045441451,0.9270174042644228,0.7780415822397898,0.44154084776803754,0.7267432705812179,0.6117671466890984,2024-10-06 15:37:00.415395
0.46738338844747873,0.3358740484200106,0.9221271729753533,0.8960314206722974,0.35809508676914104,0.7733467325135099,0.7748672732284723,2024-10-07 15:37:00.415395
0.535230768588375,0.3127916018226067,0.8917209479373556,0.8819096118606908,0.2974242876829896,0.632204873912742,0.5272530851430716,2024-10-08 15:37:00.415395
0.4156914416799003,0.22706328731106867,0.9706805122738307,0.6966545883669997,0.2875463929344435,0.68095730628995,0.46305452079680187,2024-10-09 15:37:00.415395
0.26823337848539475,0.3018390984435969,0.99,0.6378785737805078,0.12074375326188058,0.8442358227605832,0.6122474713820396,2024-10-10 15:37:00.415395
0.2894387568290324,0.22175226434543077,0.7021311641432931,0.48046136903747083,0.151902999262351,0.7510249387220527,0.44511620196224155,2024-10-11 15:37:00.415395
0.3163562704699389,0.26587379241829234,0.6524049212098466,0.5206623101768718,0.22163995945814993,0.6820135495541778,0.42343480920146603,2024-10-12 15:37:00.415395
0.3889025154063999,0.43949172592760366,0.5370143846330013,0.4646861190984562,0.3129392738716327,0.8639072801358825,0.41279542700865646,2024-10-13 15:37:00.415395
0.43443213054160074,0.2754323172298384,0.41164233258646976,0.4569754716889761,0.17061192238484335,0.837466518980607,0.3576970576037805,2024-10-14 15:37:00.415395
0.45743914460550744,0.41430468940237297,0.513534626821213,0.6116293418048043,0.11143609619464188,0.751517693365801,0.4335445616626013,2024-10-15 15:37:00.415395
0.3913649624331679,0.4367866313010382,0.5016350433810257,0.5448487892820039,0.19851702715876715,0.6875607546815314,0.4573975016381629,2024-10-16 15:37:00.415395
0.4106995470559998,0.33165328547913236,0.5374869656620553,0.5777960328646559,0.18914682331127647,0.8011095972596481,0.6611209143347199,2024-10-17 15:37:00.415395
0.5662372017480618,0.3429161527196161,0.5355265875743755,0.6358534562760452,0.254877104864543,0.7539474536668029,0.46771489857935855,2024-10-18 15:37:00.415395
0.4916337140382856,0.40908934123451757,0.41128095801868547,0.7324847736118306,0.1485999940845033,0.7090716658188376,0.5101731287572822,2024-10-19 15:37:00.415395
0.3778347135881329,0.3354921731827136,0.2686245392383736,0.7048466680480433,0.2816292680057567,0.7627515531725497,0.38036805279810204,2024-10-20 15:37:00.415395
0.43603280268577094,0.37914971666581754,0.2346629477895228,0.6692736971297142,0.1677539686847488,0.7732185920251223,0.30018983635184443,2024-10-21 15:37:00.415395
0.5365047646621488,0.5215790272300724,0.05023802167410611,0.6334269120020911,0.01,0.7227399079373672,0.4373807908938126,2024-10-22 15:37:00.415395
0.4538181177773874,0.46749066498976216,0.03429292720174221,0.6528184620154426,0.04404645902783254,0.6495016064348014,0.5221891900815527,2024-10-23 15:37:00.415395
0.5231126262880221,0.37305169791700177,0.0849524715424949,0.7725195101210274,0.07871348345115724,0.9004450243908466,0.4257844831585223,2024-10-24 15:37:00.415395
0.6856683634124763,0.36107829021218335,0.13740859621256643,0.7274924105211448,0.04853055257171511,0.9854439354376151,0.2983392838787744,2024-10-25 15:37:00.415395
0.5893286465755554,0.36603961780755667,0.1252243732780748,0.49093616657052275,0.1069762241851891,0.99,0.5566511601539123,2024-10-26 15:37:00.415395
0.5044392885998882,0.4642148735795642,0.11929166819652302,0.5639534439144911,0.16511972730092606,0.99,0.5868925943373148,2024-10-27 15:37:00.415395
0.5221194961095955,0.44478341902847696,0.3053415105020495,0.559784936269005,0.21018117798196878,0.9472091165997389,0.4331518038957808,2024-10-28 15:37:00.415395
0.5884600137173579,0.49768543824361167,0.31274956469960397,0.5962302190489237,0.17186539276919544,0.9473578179440941,0.5827033017536525,2024-10-29 15:37:00.415395
0.5532178980400739,0.5648865188880035,0.5589804831031951,0.44378958097668864,0.11874794133272042,0.8973079602951219,0.5279088118896518,2024-10-30 15:37:00.415395
0.7883722281311359,0.5612408099905596,0.36919339734014567,0.3919853609666877,0.09397512483590503,0.7938159831969376,0.27916213919854455,2024-10-31 15:37:00.415395
0.670573291899079,0.52095814655492,0.4512032181963617,0.46186991408431777,0.04450303272633647,0.8051985339297781,0.5276042527559036,2024-11-01 15:37:00.415395
0.6984671446760117,0.6631221765032194,0.477827020117363,0.3438903702948694,0.16117064114922208,0.7547209354777734,0.4854530911103036,2024-11-02 15:37:00.415395
0.558667941166729,0.6258491919103234,0.6598893925417604,0.3866745501991433,0.14160158460559838,0.7727933928445505,0.4414179568904677,2024-11-03 15:37:00.415395
0.6129945885766809,0.5880116110375169,0.801455239437502,0.38213308928241263,0.3443056403991237,0.8067702765917334,0.5947259600279867,2024-11-04 15:37:00.415395
0.5241334245216904,0.55582692276686,0.8345321289212582,0.3149131929064676,0.2858598743623944,0.8270586496751776,0.6470171575238872,2024-11-05 15:37:00.415395
0.3795905030738781,0.6086941494617246,0.7159981217895662,0.2442448139298499,0.2622315380543749,0.7203314154930802,0.46448744286839344,2024-11-06 15:37:00.415395
0.39787941489190254,0.5720594598387037,0.6420590092374654,0.15860860952530165,0.22426008253263682,0.6647518314939687,0.31340178219261067,2024-11-07 15:37:00.415395
0.2838689540632285,0.46186915506001813,0.8002188806236029,0.174229365535354,0.30974210467015045,0.44717989586384765,0.420259316394059,2024-11-08 15:37:00.415395
0.20812833710196507,0.6883780795995047,0.8565140323544107,0.19939763723353657,0.38883581603176043,0.33070633719048065,0.36740536838673643,2024-11-09 15:37:00.415395
0.22955717978196433,0.6772888346808335,0.8762997006542246,0.17439524985436072,0.3750305642742267,0.5509204187168983,0.409120496406899,2024-11-10 15:37:00.415395
0.2413181054530061,0.6792520214158987,0.99,0.08718297628293806,0.3981616475064819,0.4775122108536279,0.4054066464334462,2024-11-11 15:37:00.415395
0.14438487337559971,0.650296983271949,0.9533143082669773,0.01,0.3438052859461154,0.35837115835016636,0.36390311057484404,2024-11-12 15:37:00.415395
0.2526402415925947,0.6328343397889117,0.99,0.0667903823741901,0.6437934060500408,0.576857084203755,0.47804713625379763,2024-11-13 15:37:00.415395
0.35285041419610624,0.5702843933974272,0.99,0.1628049989532382,0.712963121949282,0.6049806142760299,0.601870488787212,2024-11-14 15:37:00.415395
0.3995610675350803,0.5368222241596788,0.99,0.22838863249604408,0.7032941490383473,0.468746008494347,0.5242441429214182,2024-11-15 15:37:00.415395
0.4438237497404251,0.6633404819241369,0.8553289146283181,0.4201437931452948,0.7038878552529335,0.4124790476942448,0.5504994509773439,2024-11-16 15:37:00.415395
0.48598685402094816,0.7603211251527167,0.8247900177035328,0.40067592378859446,0.9717448216859184,0.5017795918981784,0.6888461273200891,2024-11-17 15:37:00.415395
0.8264333454788257,0.5536999479783473,0.8311391337456694,0.5223810053225014,0.99,0.6826504618615628,0.7191722263410727,2024-11-18 15:37:00.415395
0.8889718369192727,0.41733889805482605,0.9528161912736641,0.4561251789351682,0.8285530665479812,0.834904804551945,0.7388872601453655,2024-11-19 15:37:00.415395
0.9211484576908309,0.34446845126890596,0.9639934688462392,0.37939163938988696,0.5984691274382307,0.8462248402877292,0.5593334271216729,2024-11-20 15:37:00.415395
0.8235367654979079,0.4849140352698693,0.99,0.3894623858599242,0.5408130532780612,0.5846963017618236,0.6883104490890148,2024-11-21 15:37:00.415395
0.9092809649462301,0.5931082920558501,0.8480152966376706,0.5342103278291885,0.5184721719205857,0.5737652822674769,0.6056902882785294,2024-11-22 15:37:00.415395
0.99,0.534246053487878,0.7968338165033878,0.49923679723533015,0.5399555921387652,0.47182638244777464,0.6148664057314202,2024-11-23 15:37:00.415395
0.8133555715929313,0.5695774613239968,0.8988057388762641,0.3515877845908645,0.5580005048968015,0.47394690785168825,0.7018637665859602,2024-11-24 15:37:00.415395
0.7964729947318764,0.5374693024235648,0.8562889877469027,0.43148827530456557,0.6416205405197857,0.38766839344643167,0.6744625249893039,2024-11-25 15:37:00.415395
0.677652314981645,0.4948619646229228,0.8328766526418896,0.4209085138081851,0.620720727705605,0.34955589824969024,0.5327945146562015,2024-11-26 15:37:00.415395
0.5960367023780204,0.4556319114680595,0.9527382757000427,0.44475084987068764,0.467846402378879,0.4273387038363056,0.5653072488173171,2024-11-27 15:37:00.415395
0.6037161403214971,0.5551899981974389,0.8468748405663911,0.37285211286858666,0.5360641514821877,0.4028559173483231,0.5303142799776214,2024-11-28 15:37:00.415395
0.7844853013447016,0.648702312739768,0.7650245412460163,0.3824038441735561,0.44899126659335575,0.3737422231602961,0.6002439026605904,2024-11-29 15:37:00.415395
0.8203137482860876,0.7463379921972466,0.6256952327770406,0.2518386339163153,0.5458308338610173,0.36853669646852427,0.6858145210962151,2024-11-30 15:37:00.415395
0.6150352280725986,0.8101835243160054,0.7601918355504619,0.42584350208007865,0.4554834260496582,0.6039812398377958,0.5284218201220325,2024-12-01 15:37:00.415395
0.6190643549982171,0.771033155820336,0.8310657818137759,0.519755652890393,0.5081645280519298,0.4917051455262313,0.569054568594589,2024-12-02 15:37:00.415395
0.3341490418664338,0.6870905658804709,0.8958713865523306,0.5178748661933397,0.451786041459056,0.510377164654032,0.5435742584042387,2024-12-03 15:37:00.415395
0.3251153100410912,0.543974520913727,0.839842992708938,0.5867307536446724,0.4325453778395967,0.6611341499988925,0.5649557429747312,2024-12-04 15:37:00.415395
0.21883286790401674,0.41953715314337514,0.6907893210647674,0.5174747310538672,0.5765552312600104,0.6412965837273689,0.5548335000456324,2024-12-05 15:37:00.415395
0.19578611328313056,0.5744917718647993,0.5261639677854087,0.6022974680834784,0.6188124906950397,0.737352953958677,0.6128120751252658,2024-12-06 15:37:00.415395
0.3628876892442728,0.5827587553197949,0.642440323062085,0.5600528147897158,0.3752618368687098,0.599753058746854,0.5384034237665957,2024-12-07 15:37:00.415395
0.3991916587685451,0.5629166374854698,0.6790701277136931,0.5137218123584503,0.3573062463912591,0.5694971484439022,0.5330944239978785,2024-12-08 15:37:00.415395
0.5882261335612549,0.54938368239296,0.7314201944088173,0.420074689599086,0.3557074998956006,0.4870188202259189,0.5359245032931513,2024-12-09 15:37:00.415395
0.6697367003327953,0.639211667654799,0.7381564128456203,0.4551948710225432,0.33226195027207645,0.47495066749924103,0.5917299523888208,2024-12-10 15:37:00.415395
0.7793125028281723,0.592525985172812,0.6513917792053384,0.45261487857196425,0.2273756993806766,0.4653490298062372,0.45314860783064936,2024-12-11 15:37:00.415395
0.5257787395298678,0.5757745797792753,0.6115614333270618,0.5750839846307547,0.33429586693184127,0.4653036244486809,0.5442174672754377,2024-12-12 15:37:00.415395
0.4340660601113469,0.4436491628007973,0.5100101620171261,0.4687143678659978,0.37504389007812466,0.5363972226247224,0.45348851098022336,2024-12-13 15:37:00.415395
0.4250054750602176,0.5063604731228017,0.4031866153668504,0.5018262882213863,0.18233986579910572,0.32535732143487184,0.47832813967846055,2024-12-14 15:37:00.415395
0.39902406768182225,0.500701503442547,0.48367577913871607,0.6015997184511446,0.34491325826493946,0.27248642883425156,0.43054366572374597,2024-12-15 15:37:00.415395
0.28477237792089466,0.5249487817529701,0.33614693585569433,0.8225804603102627,0.2940434357909714,0.29587763969769154,0.48808017189325786,2024-12-16 15:37:00.415395
0.24892975522212138,0.5343274156241129,0.24891572364446174,0.8169460244367097,0.3409717251856751,0.13019401416903828,0.3528598717141837,2024-12-17 15:37:00.415395
0.2662499194167635,0.43755749485755435,0.23425295396250642,0.7623137568619123,0.20984586500867172,0.19745834359753864,0.2662220378949144,2024-12-18 15:37:00.415395
0.3756221611398717,0.5263036274739845,0.2500241018175175,0.757359556883082,0.23295432155157486,0.14939434134347154,0.4331740090227912,2024-12-19 15:37:00.415395
0.3757620285746409,0.7765266935610043,0.13546060218400321,0.8560753572436443,0.2612623932857611,0.1433173420872715,0.5143224684421869,2024-12-20 15:37:00.415395
0.618544557689511,0.7787430349712029,0.01,0.9498119454420499,0.12211791555858664,0.23488743270274984,0.6274245037232359,2024-12-21 15:37:00.415395
0.5515978108607439,0.846248071777739,0.06714272641643591,0.9096951807407504,0.05944728755043516,0.5146860439986629,0.5176608420859886,2024-12-22 15:37:00.415395
0.6847594337707884,0.656256987369004,0.33027466429103136,0.99,0.06518199475949914,0.4888175037434531,0.7603586614508231,2024-12-23 15:37:00.415395
0.5571180671878325,0.7034102789366695,0.4545335697741258,0.9564418743931006,0.01,0.4817897101856292,0.42614590366390304,2024-12-24 15:37:00.415395
0.5336015052752384,0.7030487737927731,0.4542042976147329,0.99,0.02937978394663656,0.4096245827862831,0.7490399231538419,2024-12-25 15:37:00.415395
0.5778699785950884,0.6179118711913354,0.45314733494234566,0.99,0.06667387626398624,0.4145229537241894,0.4496103459062226,2024-12-26 15:37:00.415395
0.5922657477614869,0.5219252854817873,0.32225549373325596,0.9232417665860561,0.01,0.47520239462220504,0.44899667774532503,2024-12-27 15:37:00.415395
0.524609503589559,0.3921774067022279,0.48160462593341774,0.8120627616518881,0.01,0.5404573767548915,0.4244508015148856,2024-12-28 15:37:00.415395
0.46333620028510203,0.30512263637224163,0.3635767034515312,0.8990038904435884,0.1428479415503392,0.5683131595535017,0.4901712461141804,2024-12-29 15:37:00.415395
0.5346335790027391,0.5447808903889948,0.30103640047732294,0.99,0.20389773993808347,0.48039958966020524,0.48905455489037286,2024-12-30 15:37:00.415395
0.6068658888415948,0.601108349021297,0.2774391094071743,0.99,0.25654281030588993,0.43450564827563154,0.5485029255876095,2024-12-31 15:37:00.415395
0.6221795512784098,0.6520808207170413,0.39386394047745166,0.9563223954248176,0.36432908325750946,0.3876259987959181,0.5303328178018324,2025-01-01 15:37:00.415395
0.5344610227315029,0.8678843881253808,0.3169895086602009,0.8203926944491944,0.29113545308570354,0.40400100276293077,0.5704088100815681,2025-01-02 15:37:00.415395
0.4753216779772005,0.8338447777438933,0.5122034547267958,0.9042642046882754,0.1813966731291029,0.42981873323464387,0.47343777559975986,2025-01-03 15:37:00.415395
0.46767445062156715,0.8070035747119721,0.5616332012743449,0.9025469028930144,0.27918694596566695,0.44348499978676387,0.45379854399161534,2025-01-04 15:37:00.415395
0.47285019258827915,0.9440254531835695,0.5887934599812625,0.8521181101149967,0.27639200653955653,0.5240287020664992,0.7631304157501767,2025-01-05 15:37:00.415395
0.5164464472641686,0.9785218547153838,0.5812968194603193,0.9059289613803989,0.2054095450658766,0.6786648384391541,0.7591104430085467,2025-01-06 15:37:00.415395
0.49042678618190966,0.8969737521491306,0.5570017983407394,0.7574943420891715,0.4011975527651124,0.6431074659318828,0.5732002286406415,2025-01-07 15:37:00.415395
0.5581929182817369,0.9260879611412217,0.49697744777299735,0.804348875497719,0.2544481826862315,0.5308851192744737,0.7050258016839835,2025-01-08 15:37:00.415395
0.6214991396077075,0.7564633382940196,0.36684630722223044,0.7211343843755964,0.2763524256525351,0.4517122915792567,0.5119293002456442,2025-01-09 15:37:00.415395
0.7259172752712117,0.7299411627603144,0.29417328074384314,0.734634374091437,0.2634312912197738,0.44853232705575813,0.5591345003833247,2025-01-10 15:37:00.415395
0.7095117572545995,0.7673045934018597,0.44498512919661704,0.7599294971001548,0.23608963860584667,0.5253106563437685,0.5964756710289052,2025-01-11 15:37:00.415395
0.7212111411158293,0.7811571703223035,0.491944349863461,0.7768167013687132,0.15014757795395253,0.43534706731335726,0.6436926267527617,2025-01-12 15:37:00.415395
0.6914377091669462,0.8150520288817323,0.6319028284518564,0.7342626773846087,0.2986492321729242,0.5683152670754485,0.6660031923453589,2025-01-13 15:37:00.415395
0.6012259622175864,0.867352421347047,0.5659564047738856,0.7036125063409466,0.26308477273739844,0.49869439387498377,0.6224756505652329,2025-01-14 15:37:00.415395
0.7774795189183985,0.883311007410254,0.46433047877283334,0.5987242436035416,0.3209003283798933,0.56866694461723,0.6650484520191599,2025-01-15 15:37:00.415395
0.8608355215874847,0.895811096761674,0.46218146697752205,0.3912477722821013,0.17902412029136133,0.5736991379677863,0.4306015679337857,2025-01-16 15:37:00.415395
0.9070433879647747,0.8877124337682704,0.3877748028333682,0.46595333461153415,0.22966845422416812,0.6128067908680275,0.6029038607410404,2025-01-17 15:37:00.415395
0.8785890090103137,0.7640317234431132,0.4074267947528671,0.4124761311451044,0.25325858659789535,0.6539169909674307,0.4598270460945942,2025-01-18 15:37:00.415395
0.7719066651260731,0.8386138940709189,0.26502484685689726,0.4017043291804747,0.19901726126630576,0.553869821038881,0.42733846646259366,2025-01-19 15:37:00.415395
0.8390721078773671,0.811123235520274,0.09033739668262136,0.4634697762639646,0.2453962467603637,0.6205120091269372,0.42140830137943236,2025-01-20 15:37:00.415395
0.8018833381483063,0.8499021365077964,0.13748561813477178,0.41910251409948046,0.2528497343897632,0.4965593103414245,0.4727314070690449,2025-01-21 15:37:00.415395
0.8169530021256971,0.9650546931692952,0.2991428520434265,0.3082392935775041,0.420598577551082,0.4270218811656915,0.4766117511436695,2025-01-22 15:37:00.415395
0.7433701422670546,0.8883579329712668,0.3398974202841992,0.36621040245980374,0.400387307418071,0.47605317814503234,0.57025073864953,2025-01-23 15:37:00.415395
0.7462486265534869,0.8819320757697375,0.3911519713969443,0.3176631722765492,0.3122886681335466,0.38756293460079333,0.4703712137522075,2025-01-24 15:37:00.415395
0.6813113094424108,0.8127480960315376,0.39643485805421413,0.3925052155080248,0.35719079973610324,0.20954847562022152,0.42354214455480754,2025-01-25 15:37:00.415395
0.6228522964646412,0.7732922432554384,0.40985558931475047,0.4239358129387442,0.5514426134258419,0.32606611907716543,0.5662345218638812,2025-01-26 15:37:00.415395
0.6305941760035965,0.7130518358479908,0.2801285051275647,0.5861755532033681,0.5418067092426516,0.18693056370072217,0.4585097373108829,2025-01-27 15:37:00.415395
0.4867368764686575,0.7882652526077685,0.21792438503810746,0.5731190110133038,0.42017967772324444,0.16593373474444784,0.31436866226949606,2025-01-28 15:37:00.415395
0.3537282929513346,0.6331515564040525,0.33627655155514147,0.5351768800075538,0.4715770732090652,0.24150541139317205,0.4703128305876176,2025-01-29 15:37:00.415395
0.28938189839104866,0.626899537618638,0.23915457515685226,0.43158661828400424,0.42369442625025683,0.27758536344108403,0.3961480124212091,2025-01-30 15:37:00.415395
0.27370255981742997,0.7094477944935877,0.21672008592647746,0.1273616945737931,0.6034229084146846,0.3101601314154799,0.3668468631010463,2025-01-31 15:37:00.415395
0.3552067979147402,0.6454194442598749,0.3330628746282801,0.22452129312272526,0.5590011493120404,0.38076310604353425,0.46481284907655585,2025-02-01 15:37:00.415395
0.3410519903222947,0.7579897416635833,0.34716425312445753,0.38525043199896225,0.490772329339274,0.43484714220258175,0.5864690414515741,2025-02-02 15:37:00.415395
0.3403332085668649,0.6979950276543347,0.3650904609523375,0.3745874807306417,0.42579013942338195,0.5277004837786247,0.3768514627870138,2025-02-03 15:37:00.415395
0.3153372706357092,0.8118998792122111,0.33701545612649547,0.597569155492923,0.5414179953567839,0.4973482169590153,0.6521334433646533,2025-02-04 15:37:00.415395
0.34661507753435183,0.7514880717129734,0.46504148100074616,0.5919953923984632,0.3643584999664892,0.5878398116016191,0.5986413905092023,2025-02-05 15:37:00.415395
0.27283353873792515,0.706553053329879,0.5458926154622215,0.6849646700132772,0.45481680705348776,0.30864975324534943,0.5111829725002913,2025-02-06 15:37:00.415395
0.2674034484399117,0.8359061051923465,0.3713395011098137,0.5852546544354617,0.27276662310674815,0.3460300324451102,0.3882919751277134,2025-02-07 15:37:00.415395
0.30818733100682083,0.7430090190733576,0.4164917454764519,0.5954451301598193,0.3574620523983486,0.44491676908959177,0.48134737313305853,2025-02-08 15:37:00.415395
0.3309462878194173,0.8634036124729566,0.4486392326104161,0.671440660332247,0.35887352588371024,0.46310870424286776,0.6744831490603371,2025-02-09 15:37:00.415395
0.333532289498808,0.7483815681828175,0.6685772275488464,0.7009671026102208,0.31512852714922523,0.5520112316983522,0.5828857654185089,2025-02-10 15:37:00.415395
0.3370615907071724,0.8175515056365692,0.660513008440685,0.4406278411097784,0.28073883262835375,0.5107833888991986,0.4852663545581612,2025-02-11 15:37:00.415395
0.3830283573839043,0.775414934374445,0.6365872892314478,0.49760522781207117,0.3464705521230391,0.6439514217491284,0.4793903743202872,2025-02-12 15:37:00.415395
0.5756633606907492,0.6535992057151159,0.6468232330363467,0.5367332003787159,0.5250266771232809,0.6747416217983054,0.6471419736320102,2025-02-13 15:37:00.415395
0.49581891199628725,0.6733361225859247,0.6614348739421706,0.6515258094244463,0.37599359821312217,0.5330669849762154,0.5643667362157915,2025-02-14 15:37:00.415395
0.6861102303860634,0.6726500151958035,0.6306167521424753,0.782054562172202,0.2943033539533845,0.5575020720966326,0.6198546236577002,2025-02-15 15:37:00.415395
0.5970578731847966,0.7013381281967467,0.5490688501809955,0.8792941348861563,0.1778599599392062,0.3586245828031548,0.5146399309649069,2025-02-16 15:37:00.415395
0.39405436433767416,0.6268746232042909,0.5421517118351673,0.8601184556429918,0.16994612677231286,0.41498907517779027,0.4916342935624551,2025-02-17 15:37:00.415395
0.34503369416952195,0.5657411660939128,0.5322234165454306,0.690935609790097,0.26239733050689856,0.49191045488790996,0.5922922475551281,2025-02-18 15:37:00.415395
0.3765400472809902,0.49808926633163053,0.5213598194310961,0.8697736738753954,0.13667165187691332,0.6611891011810402,0.4009791532122529,2025-02-19 15:37:00.415395
0.5445684204463705,0.5981962908147287,0.5868907953875672,0.8284552670627153,0.14675006397692275,0.600612442738414,0.6264252198534734,2025-02-20 15:37:00.415395
0.4544826790026998,0.7141318585930793,0.5764779914040931,0.8089567238831004,0.23723242588683363,0.7652146677492648,0.6787379506293464,2025-02-21 15:37:00.415395
0.4940312704881503,0.6450580992259725,0.447588830922374,0.9390634813277131,0.20550224316119714,0.7452865448281079,0.7081530287324863,2025-02-22 15:37:00.415395
0.36850871833188503,0.5811051202793864,0.6195009179633216,0.8432879545485031,0.01,0.6591986366582478,0.5761061405812572,2025-02-23 15:37:00.415395
0.5329145713421827,0.6270137278634131,0.5896984547964654,0.7667569646811279,0.04540533321168451,0.6005611796422273,0.6680132239591499,2025-02-24 15:37:00.415395
0.6304184536399894,0.752938509589948,0.5718686420313239,0.6198505447166064,0.17235546381509415,0.6391923980758079,0.553410746272039,2025-02-25 15:37:00.415395
0.5746717222685664,0.8949205746890476,0.6050603578741159,0.5993785159441936,0.08534285945592503,0.5460494863568326,0.477364003948753,2025-02-26 15:37:00.415395
0.40975602853695914,0.8130235638110005,0.5082671545367222,0.6474056820955351,0.01,0.36025722969693247,0.33037403291286505,2025-02-27 15:37:00.415395
0.5291167407849984,0.7554792452262119,0.4878859167949407,0.5831823188802149,0.23999988445651457,0.3910547733161518,0.46453658721634766,2025-02-28 15:37:00.415395
0.5103523176730128,0.7614331681301427,0.6192591958661264,0.6007489088739304,0.18518616310914376,0.4268399296829162,0.5889753380577424,2025-03-01 15:37:00.415395
0.6142381698669738,0.7714626208224679,0.7159848027255786,0.7093520035723169,0.19700057252760877,0.46519390090939994,0.5721226055214446,2025-03-02 15:37:00.415395
0.6019981943482615,0.73496423930688,0.678975704205581,0.6774724517927034,0.10729840940357609,0.23227379887144264,0.5548299596048557,2025-03-03 15:37:00.415395
0.5941265380696752,0.6443692753330752,0.7971922713117976,0.7220194360836102,0.01,0.21196543761158865,0.5669522164082922,2025-03-04 15:37:00.415395
0.5419143187330595,0.6271693840077797,0.7887127288943978,0.6752036100694341,0.0886435954660853,0.2541362643340496,0.5486188892741677,2025-03-05 15:37:00.415395
0.5888750967076815,0.7753211225239915,0.7369393550490544,0.5878011024536484,0.01,0.2410270412285962,0.633147462268263,2025-03-06 15:37:00.415395
0.5882579487263683,0.7079700494845366,0.6628861475779171,0.7475182090487367,0.01,0.2253488786898688,0.49863609563482464,2025-03-07 15:37:00.415395
0.6231445463553372,0.7107124626578106,0.6205195684150897,0.722682825352984,0.01,0.2185060407143728,0.4469098260603993,2025-03-08 15:37:00.415395
0.47191704367136433,0.920600757853546,0.621945248288823,0.6407920750633931,0.01,0.12382535853427677,0.6350232539683112,2025-03-09 15:37:00.415395
0.581312105458662,0.8447925303980398,0.6091221276881892,0.49051817597506897,0.06908548039267068,0.1916781007585871,0.5201543087802551,2025-03-10 15:37:00.415395
0.709850177982756,0.8819231379445058,0.6821258934934988,0.508033665767349,0.029855288850789398,0.25675185830062075,0.7169839871477146,2025-03-11 15:37:00.415395
0.7027683861699754,0.99,0.5323787816583325,0.5464172345696756,0.17437581196111562,0.18952584701619038,0.5056626941994706,2025-03-12 15:37:00.415395
0.8710972801008555,0.99,0.400740759718028,0.49362087818968226,0.19133565419391202,0.22083442608879916,0.5559628913732857,2025-03-13 15:37:00.415395
0.99,0.99,0.3784748355617851,0.5001512053588976,0.12702495653653303,0.30162366591948025,0.337662720059779,2025-03-14 15:37:00.415395
0.99,0.99,0.42628273932212674,0.638243501633941,0.1763295485896879,0.25806381467362477,0.7954107273715314,2025-03-15 15:37:00.415395
0.99,0.99,0.6068151631757364,0.7050468649801418,0.4560298755573399,0.2454786314314148,0.7014880373515427,2025-03-16 15:37:00.415395
0.99,0.99,0.5453124046742261,0.49413113561149724,0.5459036673745357,0.2326773510806134,0.5355054037194028,2025-03-17 15:37:00.415395
0.8002134462219197,0.99,0.571309144926744,0.42270078009910456,0.4467830275475117,0.17185143233796124,0.43421152353757053,2025-03-18 15:37:00.415395
0.7539561588108135,0.9434593727714831,0.5593658012548373,0.4077526140558419,0.622053950250693,0.1653491860406428,0.6279419916553005,2025-03-19 15:37:00.415395
0.7988371538919095,0.927490635911908,0.6015337461561934,0.41228165281933893,0.8888439227786409,0.035706079840873456,0.5545165692585672,2025-03-20 15:37:00.415395
0.9234706952987303,0.9322967019148737,0.6971484939981879,0.4248464906553775,0.9105072350029584,0.02886459812424557,0.5727277022883134,2025-03-21 15:37:00.415395
0.7710880292944535,0.8682813737096675,0.6660234077258512,0.46137882458385543,0.9628708615814557,0.023686598089663197,0.7132697849676872,2025-03-22 15:37:00.415395
0.5972292082877669,0.8600662211459754,0.6108268347323227,0.4474369514490791,0.9534336868296092,0.034943490197768434,0.6312410464609466,2025-03-23 15:37:00.415395
0.5803684549726829,0.83924219942273,0.5186532487332854,0.44476156994166144,0.9685588805063542,0.09434605231562576,0.8913000377139547,2025-03-24 15:37:00.415395
0.3832802432204598,0.8733736657542903,0.3872494834327991,0.5263057884967705,0.99,0.01,0.6078718372523175,2025-03-25 15:37:00.415395
0.37409542750328584,0.99,0.24066648345225242,0.5438316739400961,0.9029472132107769,0.01,0.4189828226825145,2025-03-26 15:37:00.415395
0.40638449827683787,0.980944531533968,0.1864166128002473,0.5025145014212292,0.9153549633060584,0.01,0.7386898644307432,2025-03-27 15:37:00.415395
0.319476092593534,0.99,0.2886872040258818,0.5051591498700548,0.9576915004568457,0.01,0.625749845891934,2025-03-28 15:37:00.415395
0.3158611692092718,0.99,0.24251158073518575,0.44851595067986555,0.9273032837393892,0.08105265192520082,0.5231364086781799,2025-03-29 15:37:00.415395
0.4040309195939197,0.9752948210840722,0.20447397496531322,0.4524461942485726,0.9591248685557459,0.04483194454919187,0.5647620218102372,2025-03-30 15:37:00.415395
0.35410618796070403,0.9043510547203211,0.2790388596978852,0.561737590213967,0.99,0.0577608219880024,0.6595142295534138,2025-03-31 15:37:00.415395
0.28304232365905785,0.8946016013451527,0.3100232489495752,0.4736949743639635,0.99,0.01,0.5445613114411954,2025-04-01 15:37:00.415395
0.27725747508019477,0.8798387919511138,0.31540245991801547,0.40984976775982307,0.8218913627987271,0.01,0.44242540942427705,2025-04-02 15:37:00.415395
0.18822279230844136,0.7908359790090325,0.24982472859095817,0.567135259706688,0.7666641665861958,0.054599660527256795,0.5515527068909745,2025-04-03 15:37:00.415395
0.22294082117767647,0.7189912138041379,0.6084559575738501,0.6468309053452217,0.7913908731811949,0.10135167971200565,0.5688344270779654,2025-04-04 15:37:00.415395
0.23296749979624823,0.8126571744656278,0.6083213394926039,0.5721335412610625,0.7743009613684216,0.02391918201062443,0.5839715981484123,2025-04-05 15:37:00.415395
0.22920960033426113,0.9309214783734371,0.474663906460301,0.5875092908331966,0.8164804711182287,0.03346924547338473,0.6005325389896913,2025-04-06 15:37:00.415395
0.215861856359558,0.8964578809581963,0.3814854476713273,0.5995627917809466,0.8315440125573624,0.01,0.5813397641342928,2025-04-07 15:37:00.415395
0.17532366025663262,0.7393137358728246,0.2861891868463864,0.6589986370415984,0.6141659491410822,0.0169910675784278,0.2895804216665913,2025-04-08 15:37:00.415395
0.13273383558577978,0.5224555129833759,0.33817847523152283,0.48668082759808223,0.7002013957418608,0.01,0.3770336624255109,2025-04-09 15:37:00.415395
